-- phpMyAdmin SQL Dump
-- version 4.9.1
-- https://www.phpmyadmin.net/
--
-- Host: localhost
-- Generation Time: Jun 05, 2020 at 11:57 AM
-- Server version: 8.0.17
-- PHP Version: 7.3.10

SET SQL_MODE = "NO_AUTO_VALUE_ON_ZERO";
SET AUTOCOMMIT = 0;
START TRANSACTION;
SET time_zone = "+00:00";


/*!40101 SET @OLD_CHARACTER_SET_CLIENT=@@CHARACTER_SET_CLIENT */;
/*!40101 SET @OLD_CHARACTER_SET_RESULTS=@@CHARACTER_SET_RESULTS */;
/*!40101 SET @OLD_COLLATION_CONNECTION=@@COLLATION_CONNECTION */;
/*!40101 SET NAMES utf8mb4 */;

--
-- Database: `pjcontrol`
--

-- --------------------------------------------------------

--
-- Table structure for table `channel`
--

CREATE TABLE `channel` (
  `channelid` int(2) NOT NULL,
  `channelname` varchar(50) NOT NULL,
  `descrip` varchar(200) NOT NULL,
  `status` varchar(5) NOT NULL DEFAULT '0',
  `channelstatus` varchar(1) NOT NULL DEFAULT '0'
) ENGINE=InnoDB DEFAULT CHARSET=utf8;

--
-- Dumping data for table `channel`
--

INSERT INTO `channel` (`channelid`, `channelname`, `descrip`, `status`, `channelstatus`) VALUES
(1, 'CH1', 'aaaaa', '1', '1'),
(2, 'CH2', 'wwwww', '1', '1'),
(3, 'CH3', 'ffff', '0', '1'),
(4, 'CH4', 'qqqq', '0', '1'),
(5, 'CH5', 'rrrr', '0', '1'),
(6, 'CH6', 'llll\r\n', '0', '1'),
(7, 'CH7', 'oooo', '0', '1'),
(8, 'CH8', 'uuuu', '0', '1');

-- --------------------------------------------------------

--
-- Table structure for table `control`
--

CREATE TABLE `control` (
  `controlid` int(3) NOT NULL,
  `channelid` int(2) NOT NULL,
  `userid` int(2) NOT NULL,
  `mode` varchar(50) NOT NULL,
  `statusdevice` varchar(5) NOT NULL,
  `datecontrol` timestamp NOT NULL DEFAULT CURRENT_TIMESTAMP
) ENGINE=InnoDB DEFAULT CHARSET=utf8;

--
-- Dumping data for table `control`
--

INSERT INTO `control` (`controlid`, `channelid`, `userid`, `mode`, `statusdevice`, `datecontrol`) VALUES
(1, 1, 16, 'กดปุ่ม', 'ON', '2020-01-12 14:30:49'),
(2, 1, 17, 'กดปุ่ม', 'OFF', '2020-01-12 14:30:49'),
(3, 1, 16, 'กดปุ่ม', 'ON', '2020-01-12 14:30:49'),
(4, 1, 16, 'กดปุ่ม', 'OFF', '2020-01-12 14:30:49'),
(5, 1, 16, 'กดปุ่ม', 'ON', '2020-01-12 14:30:49'),
(6, 1, 16, 'กดปุ่ม', 'OFF', '2020-01-12 14:30:49'),
(7, 1, 16, 'กดปุ่ม', 'ON', '2020-01-12 14:30:49'),
(8, 2, 16, 'กดปุ่ม', 'ON', '2020-01-12 14:30:49'),
(9, 2, 16, 'กดปุ่ม', 'OFF', '2020-01-12 14:30:49'),
(10, 2, 16, 'กดปุ่ม', 'ON', '2020-01-12 14:30:49'),
(11, 3, 16, 'กดปุ่ม', 'ON', '2020-01-12 14:30:49'),
(12, 4, 16, 'กดปุ่ม', 'ON', '2020-01-12 14:30:49'),
(13, 5, 16, 'กดปุ่ม', 'ON', '2020-01-12 14:30:49'),
(14, 6, 16, 'กดปุ่ม', 'ON', '2020-01-12 14:30:49'),
(15, 7, 16, 'กดปุ่ม', 'ON', '2020-01-12 14:30:49'),
(16, 8, 16, 'กดปุ่ม', 'ON', '2020-01-12 14:30:49'),
(17, 1, 16, 'กดปุ่ม', 'OFF', '2020-01-12 14:30:49'),
(18, 1, 16, 'กดปุ่ม', 'ON', '2020-01-12 14:30:49'),
(19, 1, 16, 'กดปุ่ม', 'OFF', '2020-01-12 14:30:49'),
(20, 2, 16, 'กดปุ่ม', 'OFF', '2020-01-12 14:30:49'),
(21, 3, 16, 'กดปุ่ม', 'OFF', '2020-01-12 14:30:49'),
(22, 4, 16, 'กดปุ่ม', 'OFF', '2020-01-12 14:30:49'),
(23, 5, 16, 'กดปุ่ม', 'OFF', '2020-01-12 14:30:49'),
(24, 6, 16, 'กดปุ่ม', 'OFF', '2020-01-12 14:30:49'),
(25, 7, 16, 'กดปุ่ม', 'OFF', '2020-01-12 14:30:49'),
(26, 8, 16, 'กดปุ่ม', 'OFF', '2020-01-12 14:30:49'),
(27, 7, 16, 'กดปุ่ม', 'ON', '2020-01-12 14:30:49'),
(28, 8, 16, 'กดปุ่ม', 'ON', '2020-01-12 14:30:49'),
(29, 6, 16, 'กดปุ่ม', 'ON', '2020-01-12 14:30:49'),
(30, 5, 16, 'กดปุ่ม', 'ON', '2020-01-12 14:30:49'),
(31, 4, 16, 'กดปุ่ม', 'ON', '2020-01-12 14:30:49'),
(32, 3, 16, 'กดปุ่ม', 'ON', '2020-01-12 14:30:49'),
(33, 2, 16, 'กดปุ่ม', 'ON', '2020-01-12 14:30:49'),
(34, 1, 16, 'กดปุ่ม', 'ON', '2020-01-12 14:30:49'),
(35, 1, 16, 'กดปุ่ม', 'OFF', '2020-01-12 14:30:49'),
(36, 1, 16, 'กดปุ่ม', 'ON', '2020-01-12 14:30:49'),
(37, 2, 16, 'กดปุ่ม', 'OFF', '2020-01-12 14:30:49'),
(38, 3, 16, 'กดปุ่ม', 'OFF', '2020-01-12 14:30:49'),
(39, 4, 16, 'กดปุ่ม', 'OFF', '2020-01-12 14:30:49'),
(40, 5, 16, 'กดปุ่ม', 'OFF', '2020-01-12 14:30:49'),
(41, 6, 16, 'กดปุ่ม', 'OFF', '2020-01-12 14:30:49'),
(42, 7, 16, 'กดปุ่ม', 'OFF', '2020-01-12 14:30:49'),
(43, 8, 16, 'กดปุ่ม', 'OFF', '2020-01-12 14:30:49'),
(44, 1, 16, 'กดปุ่ม', 'OFF', '2020-01-12 14:30:49'),
(45, 1, 16, 'กดปุ่ม', 'ON', '2020-01-12 14:30:49'),
(46, 2, 16, 'กดปุ่ม', 'ON', '2020-01-12 14:30:49'),
(47, 3, 16, 'กดปุ่ม', 'ON', '2020-01-12 14:30:49'),
(48, 4, 16, 'กดปุ่ม', 'ON', '2020-01-12 14:30:49'),
(49, 5, 16, 'กดปุ่ม', 'ON', '2020-01-12 14:30:49'),
(50, 6, 16, 'กดปุ่ม', 'ON', '2020-01-12 14:30:49'),
(51, 7, 16, 'กดปุ่ม', 'ON', '2020-01-12 14:30:49'),
(52, 8, 16, 'กดปุ่ม', 'ON', '2020-01-12 14:30:49'),
(53, 7, 16, 'กดปุ่ม', 'OFF', '2020-01-12 14:30:49'),
(54, 8, 16, 'กดปุ่ม', 'OFF', '2020-01-12 14:30:49'),
(55, 5, 16, 'กดปุ่ม', 'OFF', '2020-01-12 14:30:49'),
(56, 6, 16, 'กดปุ่ม', 'OFF', '2020-01-12 14:30:49'),
(57, 3, 16, 'กดปุ่ม', 'OFF', '2020-01-12 14:30:49'),
(58, 4, 16, 'กดปุ่ม', 'OFF', '2020-01-12 14:30:49'),
(59, 2, 16, 'กดปุ่ม', 'OFF', '2020-01-12 14:30:49'),
(60, 1, 16, 'กดปุ่ม', 'OFF', '2020-01-12 14:30:49'),
(61, 1, 16, 'กดปุ่ม', 'ON', '2020-01-12 14:30:49'),
(62, 2, 16, 'กดปุ่ม', 'ON', '2020-01-12 14:30:49'),
(63, 3, 16, 'กดปุ่ม', 'ON', '2020-01-12 14:30:49'),
(64, 4, 16, 'กดปุ่ม', 'ON', '2020-01-12 14:30:49'),
(65, 5, 16, 'กดปุ่ม', 'ON', '2020-01-12 14:30:49'),
(66, 6, 16, 'กดปุ่ม', 'ON', '2020-01-12 14:30:49'),
(67, 1, 16, 'กดปุ่ม', 'OFF', '2020-01-12 14:30:49'),
(68, 2, 16, 'กดปุ่ม', 'OFF', '2020-01-12 14:30:49'),
(69, 3, 16, 'กดปุ่ม', 'OFF', '2020-01-12 14:30:49'),
(70, 4, 16, 'กดปุ่ม', 'OFF', '2020-01-12 14:30:49'),
(71, 5, 16, 'กดปุ่ม', 'OFF', '2020-01-12 14:30:49'),
(72, 6, 16, 'กดปุ่ม', 'OFF', '2020-01-12 14:30:49'),
(73, 1, 16, 'กดปุ่ม', 'ON', '2020-01-12 14:30:49'),
(74, 2, 16, 'กดปุ่ม', 'ON', '2020-01-12 14:30:49'),
(75, 3, 16, 'กดปุ่ม', 'ON', '2020-01-12 14:30:49'),
(76, 4, 16, 'กดปุ่ม', 'ON', '2020-01-12 14:30:49'),
(77, 5, 16, 'กดปุ่ม', 'ON', '2020-01-12 14:30:49'),
(78, 6, 16, 'กดปุ่ม', 'ON', '2020-01-12 14:30:49'),
(79, 7, 16, 'กดปุ่ม', 'ON', '2020-01-12 14:30:49'),
(80, 8, 16, 'กดปุ่ม', 'ON', '2020-01-12 14:30:49'),
(81, 1, 16, 'กดปุ่ม', 'OFF', '2020-01-12 14:30:49'),
(83, 1, 16, 'กดปุ่ม', 'OFF', '2020-01-12 14:30:49'),
(84, 2, 16, 'กดปุ่ม', 'OFF', '2020-01-12 14:30:49'),
(85, 3, 16, 'กดปุ่ม', 'OFF', '2020-01-12 14:30:49'),
(86, 4, 16, 'กดปุ่ม', 'OFF', '2020-01-12 14:30:49'),
(87, 5, 16, 'กดปุ่ม', 'OFF', '2020-01-12 14:30:49'),
(88, 6, 16, 'กดปุ่ม', 'OFF', '2020-01-12 14:30:49'),
(89, 7, 16, 'กดปุ่ม', 'OFF', '2020-01-12 14:30:49'),
(90, 8, 16, 'กดปุ่ม', 'OFF', '2020-01-12 14:30:49'),
(91, 8, 16, 'กดปุ่ม', 'ON', '2020-01-12 14:30:49'),
(92, 8, 16, 'กดปุ่ม', 'OFF', '2020-01-12 14:30:49'),
(93, 1, 16, 'กดปุ่ม', 'ON', '2020-01-12 14:30:49'),
(94, 2, 16, 'กดปุ่ม', 'ON', '2020-01-12 14:30:49'),
(95, 3, 16, 'กดปุ่ม', 'ON', '2020-01-12 14:30:49'),
(96, 4, 16, 'กดปุ่ม', 'ON', '2020-01-12 14:30:49'),
(97, 5, 16, 'กดปุ่ม', 'ON', '2020-01-12 14:30:49'),
(98, 6, 16, 'กดปุ่ม', 'ON', '2020-01-12 14:30:49'),
(99, 7, 16, 'กดปุ่ม', 'ON', '2020-01-12 14:30:49'),
(100, 8, 16, 'กดปุ่ม', 'ON', '2020-01-12 14:30:49'),
(101, 8, 16, 'กดปุ่ม', 'OFF', '2020-01-12 14:30:49'),
(102, 7, 16, 'กดปุ่ม', 'OFF', '2020-01-12 14:30:49'),
(103, 2, 16, 'กดปุ่ม', 'OFF', '2020-01-12 14:30:49'),
(104, 1, 16, 'กดปุ่ม', 'OFF', '2020-01-12 14:30:49'),
(105, 1, 16, 'กดปุ่ม', 'ON', '2020-01-12 14:30:49'),
(106, 2, 16, 'กดปุ่ม', 'ON', '2020-01-12 14:30:49'),
(107, 2, 16, 'กดปุ่ม', 'OFF', '2020-01-12 14:30:49'),
(108, 2, 16, 'กดปุ่ม', 'ON', '2020-01-12 14:30:49'),
(110, 1, 16, 'กดปุ่ม', 'OFF', '2020-01-12 14:30:49'),
(111, 1, 16, 'กดปุ่ม', 'ON', '2020-01-12 14:30:49'),
(112, 1, 16, 'กดปุ่ม', 'OFF', '2020-01-12 14:30:49'),
(113, 1, 16, 'กดปุ่ม', 'ON', '2020-01-12 14:30:49'),
(114, 1, 16, 'กดปุ่ม', 'OFF', '2020-01-12 14:30:49'),
(115, 1, 16, 'กดปุ่ม', 'ON', '2020-01-12 14:30:49'),
(116, 1, 16, 'กดปุ่ม', 'OFF', '2020-01-12 14:30:49'),
(117, 1, 16, 'กดปุ่ม', 'ON', '2020-01-12 14:30:49'),
(118, 1, 16, 'กดปุ่ม', 'OFF', '2020-01-12 14:30:49'),
(119, 2, 16, 'กดปุ่ม', 'OFF', '2020-01-12 14:30:49'),
(120, 3, 16, 'กดปุ่ม', 'OFF', '2020-01-12 14:30:49'),
(127, 1, 16, 'กดปุ่ม', 'ON', '2020-01-12 14:30:49'),
(130, 2, 16, 'กดปุ่ม', 'OFF', '2020-01-12 14:30:49'),
(131, 1, 17, 'กดปุ่ม', 'ON', '2020-01-12 14:30:49'),
(132, 2, 17, 'กดปุ่ม', 'ON', '2020-01-12 14:30:49'),
(133, 3, 17, 'กดปุ่ม', 'ON', '2020-01-12 14:30:49'),
(134, 4, 17, 'กดปุ่ม', 'OFF', '2020-01-12 14:30:49'),
(135, 5, 17, 'กดปุ่ม', 'OFF', '2020-01-12 14:30:49'),
(136, 6, 17, 'กดปุ่ม', 'OFF', '2020-01-12 14:30:49'),
(137, 7, 17, 'กดปุ่ม', 'OFF', '2020-01-12 14:30:49'),
(138, 8, 17, 'กดปุ่ม', 'ON', '2020-01-12 14:30:49'),
(139, 7, 17, 'กดปุ่ม', 'ON', '2020-01-12 14:30:49'),
(140, 1, 16, 'กดปุ่ม', 'OFF', '2020-01-12 14:30:49'),
(141, 2, 16, 'กดปุ่ม', 'OFF', '2020-01-12 14:30:49'),
(142, 3, 16, 'กดปุ่ม', 'OFF', '2020-01-12 14:30:49'),
(143, 4, 16, 'กดปุ่ม', 'ON', '2020-01-12 14:30:49'),
(144, 5, 16, 'กดปุ่ม', 'ON', '2020-01-12 14:30:49'),
(145, 6, 16, 'กดปุ่ม', 'ON', '2020-01-12 14:30:49'),
(146, 7, 16, 'กดปุ่ม', 'OFF', '2020-01-12 14:30:49'),
(147, 8, 16, 'กดปุ่ม', 'OFF', '2020-01-12 14:30:49'),
(148, 6, 16, 'กดปุ่ม', 'OFF', '2020-01-12 14:30:49'),
(149, 5, 16, 'กดปุ่ม', 'OFF', '2020-01-12 14:30:49'),
(150, 3, 16, 'กดปุ่ม', 'ON', '2020-01-12 14:30:49'),
(151, 4, 16, 'กดปุ่ม', 'OFF', '2020-01-12 14:30:49'),
(152, 2, 16, 'กดปุ่ม', 'ON', '2020-01-12 14:30:49'),
(153, 1, 16, 'กดปุ่ม', 'ON', '2020-01-12 14:30:49'),
(154, 1, 16, 'กดปุ่ม', 'ON', '2020-01-12 14:30:49'),
(155, 1, 16, 'กดปุ่ม', 'OFF', '2020-01-12 14:30:49'),
(156, 1, 16, 'กดปุ่ม', 'ON', '2020-01-12 14:30:49'),
(157, 2, 16, 'กดปุ่ม', 'OFF', '2020-01-12 14:30:49'),
(158, 3, 16, 'กดปุ่ม', 'OFF', '2020-01-12 14:30:49'),
(159, 4, 16, 'กดปุ่ม', 'ON', '2020-01-12 14:30:49'),
(160, 3, 16, 'กดปุ่ม', 'ON', '2020-01-12 14:30:49'),
(161, 1, 16, 'กดปุ่ม', 'OFF', '2020-01-12 14:30:49'),
(162, 2, 16, 'กดปุ่ม', 'ON', '2020-01-12 14:30:49'),
(163, 1, 16, 'กดปุ่ม', 'ON', '2020-01-12 14:30:49'),
(164, 5, 16, 'กดปุ่ม', 'ON', '2020-01-12 14:30:49'),
(165, 7, 16, 'กดปุ่ม', 'ON', '2020-01-12 14:30:49'),
(166, 1, 16, 'กดปุ่ม', 'OFF', '2020-01-12 14:30:49'),
(167, 2, 16, 'กดปุ่ม', 'OFF', '2020-01-12 14:30:49'),
(168, 4, 16, 'กดปุ่ม', 'OFF', '2020-01-12 14:30:49'),
(169, 3, 16, 'กดปุ่ม', 'OFF', '2020-01-12 14:30:49'),
(170, 5, 16, 'กดปุ่ม', 'OFF', '2020-01-12 14:30:49'),
(171, 6, 16, 'กดปุ่ม', 'OFF', '2020-01-12 14:30:49'),
(172, 7, 16, 'กดปุ่ม', 'OFF', '2020-01-12 14:30:49'),
(173, 8, 16, 'กดปุ่ม', 'OFF', '2020-01-12 14:30:49'),
(174, 5, 16, 'กดปุ่ม', 'ON', '2020-01-12 14:30:49'),
(175, 3, 16, 'กดปุ่ม', 'ON', '2020-01-12 14:30:49'),
(176, 1, 16, 'กดปุ่ม', 'ON', '2020-01-12 14:30:49'),
(177, 2, 16, 'กดปุ่ม', 'ON', '2020-01-12 14:30:49'),
(178, 4, 16, 'กดปุ่ม', 'ON', '2020-01-12 14:30:49'),
(179, 6, 16, 'กดปุ่ม', 'ON', '2020-01-12 14:30:49'),
(180, 7, 16, 'กดปุ่ม', 'ON', '2020-01-12 14:30:49'),
(181, 8, 16, 'กดปุ่ม', 'ON', '2020-01-12 14:30:49'),
(182, 1, 16, 'กดปุ่ม', 'ON', '2020-01-12 14:30:49'),
(183, 2, 16, 'กดปุ่ม', 'ON', '2020-01-12 14:30:49'),
(184, 3, 16, 'กดปุ่ม', 'ON', '2020-01-12 14:30:49'),
(185, 4, 16, 'กดปุ่ม', 'ON', '2020-01-12 14:30:49'),
(186, 5, 16, 'กดปุ่ม', 'ON', '2020-01-12 14:30:49'),
(187, 6, 16, 'กดปุ่ม', 'ON', '2020-01-12 14:30:49'),
(188, 7, 16, 'กดปุ่ม', 'ON', '2020-01-12 14:30:49'),
(189, 8, 16, 'กดปุ่ม', 'ON', '2020-01-12 14:30:49'),
(190, 1, 16, 'กดปุ่ม', 'OFF', '2020-01-12 14:30:49'),
(191, 1, 16, 'กดปุ่ม', 'ON', '2020-01-12 14:30:49'),
(192, 2, 16, 'กดปุ่ม', 'OFF', '2020-01-12 14:30:49'),
(193, 2, 16, 'กดปุ่ม', 'ON', '2020-01-12 14:30:49'),
(194, 3, 16, 'กดปุ่ม', 'OFF', '2020-01-12 14:30:49'),
(195, 3, 16, 'กดปุ่ม', 'ON', '2020-01-12 14:30:49'),
(196, 1, 16, 'กดปุ่ม', 'OFF', '2020-01-12 14:30:49'),
(197, 1, 16, 'กดปุ่ม', 'ON', '2020-01-12 14:30:49'),
(198, 1, 16, 'กดปุ่ม', 'OFF', '2020-01-12 14:30:49'),
(199, 1, 16, 'กดปุ่ม', 'ON', '2020-01-12 14:30:49'),
(200, 1, 16, 'กดปุ่ม', 'OFF', '2020-01-12 14:30:49'),
(201, 1, 16, 'กดปุ่ม', 'ON', '2020-01-12 14:30:49'),
(202, 1, 16, 'กดปุ่ม', 'OFF', '2020-01-12 14:30:49'),
(203, 1, 16, 'กดปุ่ม', 'ON', '2020-01-12 14:30:49'),
(204, 1, 16, 'กดปุ่ม', 'OFF', '2020-01-12 14:30:49'),
(205, 1, 16, 'กดปุ่ม', 'ON', '2020-01-12 14:30:49'),
(206, 2, 16, 'กดปุ่ม', 'OFF', '2020-01-12 14:30:49'),
(207, 3, 16, 'กดปุ่ม', 'OFF', '2020-01-12 14:30:49'),
(208, 4, 16, 'กดปุ่ม', 'OFF', '2020-01-12 14:30:49'),
(209, 5, 16, 'กดปุ่ม', 'OFF', '2020-01-12 14:30:49'),
(210, 6, 16, 'กดปุ่ม', 'OFF', '2020-01-12 14:30:49'),
(211, 7, 16, 'กดปุ่ม', 'OFF', '2020-01-12 14:30:49'),
(212, 8, 16, 'กดปุ่ม', 'OFF', '2020-01-12 14:30:49'),
(213, 1, 16, 'กดปุ่ม', 'OFF', '2020-01-12 14:30:49'),
(214, 1, 16, 'กดปุ่ม', 'ON', '2020-01-12 14:30:49'),
(215, 2, 16, 'กดปุ่ม', 'ON', '2020-01-12 14:30:49'),
(216, 3, 16, 'กดปุ่ม', 'ON', '2020-01-12 14:30:49'),
(217, 4, 16, 'กดปุ่ม', 'ON', '2020-01-12 14:30:49'),
(218, 5, 16, 'กดปุ่ม', 'ON', '2020-01-12 14:30:49'),
(219, 6, 16, 'กดปุ่ม', 'ON', '2020-01-12 14:30:49'),
(220, 7, 16, 'กดปุ่ม', 'ON', '2020-01-12 14:30:49'),
(221, 8, 16, 'กดปุ่ม', 'ON', '2020-01-12 14:30:49'),
(222, 8, 16, 'กดปุ่ม', 'OFF', '2020-01-12 14:30:49'),
(223, 8, 16, 'กดปุ่ม', 'ON', '2020-01-12 14:30:49'),
(224, 8, 16, 'กดปุ่ม', 'OFF', '2020-01-12 14:30:49'),
(225, 8, 16, 'กดปุ่ม', 'ON', '2020-01-12 14:30:49'),
(226, 7, 16, 'กดปุ่ม', 'OFF', '2020-01-12 14:30:49'),
(227, 5, 16, 'กดปุ่ม', 'OFF', '2020-01-12 14:30:49'),
(228, 6, 16, 'กดปุ่ม', 'OFF', '2020-01-12 14:30:49'),
(229, 4, 16, 'กดปุ่ม', 'OFF', '2020-01-12 14:30:49'),
(230, 3, 16, 'กดปุ่ม', 'OFF', '2020-01-12 14:30:49'),
(231, 1, 16, 'กดปุ่ม', 'OFF', '2020-01-12 14:30:49'),
(232, 2, 16, 'กดปุ่ม', 'OFF', '2020-01-12 14:30:49'),
(233, 8, 16, 'กดปุ่ม', 'OFF', '2020-01-12 14:30:49'),
(234, 8, 16, 'กดปุ่ม', 'ON', '2020-01-12 14:30:49'),
(235, 7, 16, 'กดปุ่ม', 'ON', '2020-01-12 14:30:49'),
(236, 5, 16, 'กดปุ่ม', 'ON', '2020-01-12 14:30:49'),
(237, 6, 16, 'กดปุ่ม', 'ON', '2020-01-12 14:30:49'),
(238, 4, 16, 'กดปุ่ม', 'ON', '2020-01-12 14:30:49'),
(239, 3, 16, 'กดปุ่ม', 'ON', '2020-01-12 14:30:49'),
(240, 1, 16, 'กดปุ่ม', 'ON', '2020-01-12 14:30:49'),
(241, 2, 16, 'กดปุ่ม', 'ON', '2020-01-12 14:30:49'),
(242, 1, 16, 'กดปุ่ม', 'OFF', '2020-01-12 14:30:49'),
(243, 1, 16, 'กดปุ่ม', 'ON', '2020-01-12 14:30:49'),
(244, 1, 16, 'กดปุ่ม', 'OFF', '2020-01-12 14:30:49'),
(245, 1, 16, 'กดปุ่ม', 'ON', '2020-01-12 14:30:49'),
(246, 1, 16, 'กดปุ่ม', 'OFF', '2020-01-12 14:30:49'),
(247, 1, 16, 'กดปุ่ม', 'ON', '2020-01-12 14:30:49'),
(248, 2, 16, 'กดปุ่ม', 'ON', '2020-01-12 14:30:49'),
(249, 1, 16, 'กดปุ่ม', 'OFF', '2020-01-12 14:30:49'),
(250, 2, 16, 'กดปุ่ม', 'OFF', '2020-01-12 14:30:49'),
(251, 3, 16, 'กดปุ่ม', 'OFF', '2020-01-12 14:30:49'),
(252, 4, 16, 'กดปุ่ม', 'OFF', '2020-01-12 14:30:49'),
(253, 5, 16, 'กดปุ่ม', 'OFF', '2020-01-12 14:30:49'),
(254, 6, 16, 'กดปุ่ม', 'OFF', '2020-01-12 14:30:49'),
(255, 7, 16, 'กดปุ่ม', 'OFF', '2020-01-12 14:30:49'),
(256, 8, 16, 'กดปุ่ม', 'OFF', '2020-01-12 14:30:49'),
(257, 1, 16, 'กดปุ่ม', 'ON', '2020-01-12 14:30:49'),
(258, 2, 16, 'กดปุ่ม', 'ON', '2020-01-12 14:30:49'),
(259, 3, 16, 'กดปุ่ม', 'ON', '2020-01-12 14:30:49'),
(260, 4, 16, 'กดปุ่ม', 'ON', '2020-01-12 14:30:49'),
(261, 4, 16, 'กดปุ่ม', 'OFF', '2020-01-12 14:30:49'),
(262, 1, 16, 'กดปุ่ม', 'OFF', '2020-01-12 14:30:49'),
(263, 1, 17, 'กดปุ่ม', 'ON', '2020-01-12 14:30:49'),
(264, 2, 17, 'กดปุ่ม', 'OFF', '2020-01-12 14:30:49'),
(265, 3, 17, 'กดปุ่ม', 'OFF', '2020-01-12 14:30:49'),
(266, 4, 17, 'กดปุ่ม', 'ON', '2020-01-12 14:30:49'),
(267, 5, 17, 'กดปุ่ม', 'ON', '2020-01-12 14:30:49'),
(268, 6, 17, 'กดปุ่ม', 'ON', '2020-01-12 14:30:49'),
(269, 7, 17, 'กดปุ่ม', 'ON', '2020-01-12 14:30:49'),
(270, 8, 17, 'กดปุ่ม', 'ON', '2020-01-12 14:30:49'),
(271, 1, 16, 'กดปุ่ม', 'OFF', '2020-01-12 14:30:49'),
(272, 1, 16, 'กดปุ่ม', 'ON', '2020-01-12 14:30:49'),
(273, 1, 16, 'กดปุ่ม', 'OFF', '2020-01-12 14:30:49'),
(274, 2, 16, 'กดปุ่ม', 'ON', '2020-01-12 14:30:49'),
(275, 1, 16, 'กดปุ่ม', 'ON', '2020-01-12 14:30:49'),
(276, 3, 16, 'กดปุ่ม', 'ON', '2020-01-12 14:30:49'),
(277, 4, 16, 'กดปุ่ม', 'OFF', '2020-01-12 14:30:49'),
(278, 5, 16, 'กดปุ่ม', 'OFF', '2020-01-12 14:30:49'),
(279, 6, 16, 'กดปุ่ม', 'OFF', '2020-01-12 14:30:49'),
(280, 7, 16, 'กดปุ่ม', 'OFF', '2020-01-12 14:30:49'),
(281, 8, 16, 'กดปุ่ม', 'OFF', '2020-01-12 14:30:49'),
(282, 3, 16, 'กดปุ่ม', 'OFF', '2020-01-12 14:30:49'),
(283, 2, 16, 'กดปุ่ม', 'OFF', '2020-01-12 14:30:49'),
(284, 1, 16, 'กดปุ่ม', 'OFF', '2020-01-12 14:30:49'),
(285, 3, 16, 'กดปุ่ม', 'ON', '2020-01-12 14:30:49'),
(286, 4, 16, 'กดปุ่ม', 'ON', '2020-01-12 14:30:49'),
(287, 2, 16, 'กดปุ่ม', 'ON', '2020-01-12 14:30:49'),
(288, 1, 16, 'กดปุ่ม', 'ON', '2020-01-12 14:30:49'),
(289, 5, 16, 'กดปุ่ม', 'ON', '2020-01-12 14:30:49'),
(290, 6, 16, 'กดปุ่ม', 'ON', '2020-01-12 14:30:49'),
(291, 7, 16, 'กดปุ่ม', 'ON', '2020-01-12 14:30:49'),
(292, 8, 16, 'กดปุ่ม', 'ON', '2020-01-12 14:30:49'),
(293, 1, 16, 'กดปุ่ม', 'OFF', '2020-01-12 14:30:49'),
(294, 2, 16, 'กดปุ่ม', 'OFF', '2020-01-12 14:30:49'),
(295, 3, 16, 'กดปุ่ม', 'OFF', '2020-01-12 14:30:49'),
(296, 4, 16, 'กดปุ่ม', 'OFF', '2020-01-12 14:30:49'),
(297, 7, 16, 'กดปุ่ม', 'OFF', '2020-01-12 14:30:49'),
(298, 8, 16, 'กดปุ่ม', 'OFF', '2020-01-12 14:30:49'),
(299, 6, 16, 'กดปุ่ม', 'OFF', '2020-01-12 14:30:49'),
(300, 5, 16, 'กดปุ่ม', 'OFF', '2020-01-12 14:30:49'),
(301, 1, 16, 'กดปุ่ม', 'ON', '2020-01-12 14:30:49'),
(302, 2, 16, 'กดปุ่ม', 'ON', '2020-01-12 14:30:49'),
(303, 3, 16, 'กดปุ่ม', 'ON', '2020-01-12 14:30:49'),
(304, 4, 16, 'กดปุ่ม', 'ON', '2020-01-12 14:30:49'),
(305, 8, 16, 'กดปุ่ม', 'ON', '2020-01-12 14:30:49'),
(306, 7, 16, 'กดปุ่ม', 'ON', '2020-01-12 14:30:49'),
(307, 6, 16, 'กดปุ่ม', 'ON', '2020-01-12 14:30:49'),
(308, 5, 16, 'กดปุ่ม', 'ON', '2020-01-12 14:30:49'),
(309, 1, 16, 'กดปุ่ม', 'OFF', '2020-01-12 14:30:49'),
(310, 2, 16, 'กดปุ่ม', 'OFF', '2020-01-12 14:30:49'),
(311, 3, 16, 'กดปุ่ม', 'OFF', '2020-01-12 14:30:49'),
(312, 4, 16, 'กดปุ่ม', 'OFF', '2020-01-12 14:30:49'),
(313, 8, 16, 'กดปุ่ม', 'OFF', '2020-01-12 14:30:49'),
(314, 7, 16, 'กดปุ่ม', 'OFF', '2020-01-12 14:30:49'),
(315, 6, 16, 'กดปุ่ม', 'OFF', '2020-01-12 14:30:49'),
(316, 5, 16, 'กดปุ่ม', 'OFF', '2020-01-12 14:30:49'),
(317, 1, 16, 'กดปุ่ม', 'ON', '2020-01-12 14:30:49'),
(318, 2, 16, 'กดปุ่ม', 'ON', '2020-01-12 14:30:49'),
(319, 3, 16, 'กดปุ่ม', 'ON', '2020-01-12 14:30:49'),
(320, 4, 16, 'กดปุ่ม', 'ON', '2020-01-12 14:30:49'),
(321, 8, 16, 'กดปุ่ม', 'ON', '2020-01-12 14:30:49'),
(322, 7, 16, 'กดปุ่ม', 'ON', '2020-01-12 14:30:49'),
(323, 6, 16, 'กดปุ่ม', 'ON', '2020-01-12 14:30:49'),
(324, 5, 16, 'กดปุ่ม', 'ON', '2020-01-12 14:30:49'),
(325, 1, 16, 'กดปุ่ม', 'OFF', '2020-01-12 14:30:49'),
(326, 2, 16, 'กดปุ่ม', 'OFF', '2020-01-12 14:30:49'),
(327, 3, 16, 'กดปุ่ม', 'OFF', '2020-01-12 14:30:49'),
(328, 4, 16, 'กดปุ่ม', 'OFF', '2020-01-12 14:30:49'),
(329, 8, 16, 'กดปุ่ม', 'OFF', '2020-01-12 14:30:49'),
(330, 7, 16, 'กดปุ่ม', 'OFF', '2020-01-12 14:30:49'),
(331, 6, 16, 'กดปุ่ม', 'OFF', '2020-01-12 14:30:49'),
(332, 5, 16, 'กดปุ่ม', 'OFF', '2020-01-12 14:30:49'),
(333, 1, 16, 'กดปุ่ม', 'ON', '2020-01-12 14:30:49'),
(334, 2, 16, 'กดปุ่ม', 'ON', '2020-01-12 14:30:49'),
(335, 3, 16, 'กดปุ่ม', 'ON', '2020-01-12 14:30:49'),
(336, 4, 16, 'กดปุ่ม', 'ON', '2020-01-12 14:30:49'),
(337, 1, 16, 'กดปุ่ม', 'OFF', '2020-01-12 14:30:49'),
(338, 1, 16, 'กดปุ่ม', 'ON', '2020-01-12 14:30:49'),
(339, 1, 16, 'กดปุ่ม', 'OFF', '2020-01-12 14:30:49'),
(340, 1, 16, 'กดปุ่ม', 'ON', '2020-01-12 14:30:49'),
(341, 1, 16, 'กดปุ่ม', 'OFF', '2020-01-12 14:30:49'),
(342, 1, 16, 'กดปุ่ม', 'ON', '2020-01-12 14:30:49'),
(343, 1, 16, 'กดปุ่ม', 'ON', '2020-01-12 14:30:49'),
(344, 1, 16, 'กดปุ่ม', 'OFF', '2020-01-12 14:30:49'),
(345, 1, 16, 'กดปุ่ม', 'OFF', '2020-01-12 14:30:49'),
(346, 1, 16, 'กดปุ่ม', 'ON', '2020-01-12 14:30:49'),
(347, 1, 16, 'กดปุ่ม', 'OFF', '2020-01-12 14:30:49'),
(348, 1, 16, 'กดปุ่ม', 'ON', '2020-01-12 14:30:49'),
(349, 1, 16, 'กดปุ่ม', 'OFF', '2020-01-12 14:30:49'),
(350, 1, 16, 'กดปุ่ม', 'ON', '2020-01-12 14:30:49'),
(351, 5, 16, 'กดปุ่ม', 'ON', '2020-01-12 14:30:49'),
(352, 5, 16, 'กดปุ่ม', 'OFF', '2020-01-12 14:30:49'),
(353, 1, 16, 'กดปุ่ม', 'OFF', '2020-01-12 14:30:49'),
(354, 1, 16, 'กดปุ่ม', 'ON', '2020-01-12 14:30:49'),
(355, 1, 16, 'กดปุ่ม', 'OFF', '2020-01-12 14:30:49'),
(356, 1, 16, 'กดปุ่ม', 'ON', '2020-01-12 14:30:49'),
(357, 2, 16, 'กดปุ่ม', 'OFF', '2020-01-12 14:30:49'),
(358, 2, 16, 'กดปุ่ม', 'ON', '2020-01-12 14:30:49'),
(359, 3, 16, 'กดปุ่ม', 'OFF', '2020-01-12 14:30:49'),
(360, 3, 16, 'กดปุ่ม', 'ON', '2020-01-12 14:30:49'),
(361, 4, 16, 'กดปุ่ม', 'OFF', '2020-01-12 14:30:49'),
(362, 4, 16, 'กดปุ่ม', 'ON', '2020-01-12 14:30:49'),
(363, 5, 16, 'กดปุ่ม', 'ON', '2020-01-12 14:30:49'),
(364, 5, 16, 'กดปุ่ม', 'OFF', '2020-01-12 14:30:49'),
(365, 1, 16, 'กดปุ่ม', 'OFF', '2020-01-12 14:30:49'),
(366, 1, 16, 'กดปุ่ม', 'ON', '2020-01-12 14:30:49'),
(367, 1, 16, 'กดปุ่ม', 'OFF', '2020-01-12 14:30:49'),
(368, 1, 16, 'กดปุ่ม', 'ON', '2020-01-12 14:30:49'),
(369, 1, 16, 'กดปุ่ม', 'OFF', '2020-01-12 14:30:49'),
(370, 1, 16, 'กดปุ่ม', 'ON', '2020-01-12 14:30:49'),
(371, 1, 16, 'กดปุ่ม', 'ON', '2020-01-12 14:30:49'),
(372, 1, 16, 'กดปุ่ม', 'OFF', '2020-01-12 14:30:49'),
(373, 2, 16, 'กดปุ่ม', 'OFF', '2020-01-12 14:30:49'),
(374, 2, 16, 'กดปุ่ม', 'ON', '2020-01-12 14:30:49'),
(375, 1, 16, 'กดปุ่ม', 'ON', '2020-01-12 14:30:49'),
(376, 1, 16, 'กดปุ่ม', 'OFF', '2020-01-12 14:30:49'),
(377, 1, 16, 'กดปุ่ม', 'ON', '2020-01-12 14:30:49'),
(378, 1, 16, 'กดปุ่ม', 'OFF', '2020-01-12 14:30:49'),
(379, 2, 16, 'กดปุ่ม', 'OFF', '2020-01-12 14:30:49'),
(380, 2, 16, 'กดปุ่ม', 'ON', '2020-01-12 14:30:49'),
(381, 1, 16, 'กดปุ่ม', 'ON', '2020-01-12 14:30:49'),
(382, 5, 16, 'กดปุ่ม', 'ON', '2020-01-12 14:30:49'),
(383, 6, 16, 'กดปุ่ม', 'ON', '2020-01-12 14:30:49'),
(384, 7, 16, 'กดปุ่ม', 'ON', '2020-01-12 14:30:49'),
(385, 8, 16, 'กดปุ่ม', 'ON', '2020-01-12 14:30:49'),
(386, 1, 16, 'กดปุ่ม', 'OFF', '2020-01-12 14:30:49'),
(387, 2, 16, 'กดปุ่ม', 'OFF', '2020-01-12 14:30:49'),
(388, 3, 16, 'กดปุ่ม', 'OFF', '2020-01-12 14:30:49'),
(389, 4, 16, 'กดปุ่ม', 'OFF', '2020-01-12 14:30:49'),
(390, 5, 16, 'กดปุ่ม', 'OFF', '2020-01-12 14:30:49'),
(391, 6, 16, 'กดปุ่ม', 'OFF', '2020-01-12 14:30:49'),
(392, 7, 16, 'กดปุ่ม', 'OFF', '2020-01-12 14:30:49'),
(393, 8, 16, 'กดปุ่ม', 'OFF', '2020-01-12 14:30:49'),
(394, 8, 16, 'กดปุ่ม', 'ON', '2020-01-12 14:30:49'),
(395, 7, 16, 'กดปุ่ม', 'ON', '2020-01-12 14:30:49'),
(396, 6, 16, 'กดปุ่ม', 'ON', '2020-01-12 14:30:49'),
(397, 5, 16, 'กดปุ่ม', 'ON', '2020-01-12 14:30:49'),
(398, 1, 16, 'กดปุ่ม', 'ON', '2020-01-12 14:30:49'),
(399, 2, 16, 'กดปุ่ม', 'ON', '2020-01-12 14:30:49'),
(400, 3, 16, 'กดปุ่ม', 'ON', '2020-01-12 14:30:49'),
(401, 4, 16, 'กดปุ่ม', 'ON', '2020-01-12 14:30:49'),
(402, 1, 16, 'กดปุ่ม', 'OFF', '2020-01-12 14:30:49'),
(403, 5, 16, 'กดปุ่ม', 'OFF', '2020-01-12 14:30:49'),
(404, 1, 16, 'กดปุ่ม', 'ON', '2020-01-12 14:30:49'),
(405, 1, 16, 'กดปุ่ม', 'OFF', '2020-01-12 14:30:49'),
(406, 1, 16, 'กดปุ่ม', 'ON', '2020-01-12 14:30:49'),
(407, 1, 16, 'กดปุ่ม', 'OFF', '2020-01-12 14:30:49'),
(408, 1, 16, 'กดปุ่ม', 'ON', '2020-01-12 14:30:49'),
(409, 1, 16, 'กดปุ่ม', 'OFF', '2020-01-12 14:30:49'),
(410, 1, 16, 'กดปุ่ม', 'ON', '2020-01-12 14:30:49'),
(411, 1, 16, 'กดปุ่ม', 'OFF', '2020-01-12 14:30:49'),
(412, 1, 16, 'กดปุ่ม', 'ON', '2020-01-12 14:30:49'),
(413, 5, 16, 'กดปุ่ม', 'ON', '2020-01-12 14:30:49'),
(414, 1, 16, 'กดปุ่ม', 'OFF', '2020-01-12 14:30:49'),
(415, 1, 16, 'กดปุ่ม', 'ON', '2020-01-12 14:30:49'),
(416, 1, 17, 'กดปุ่ม', 'OFF', '2020-01-12 14:30:49'),
(417, 2, 16, 'กดปุ่ม', 'OFF', '2020-01-12 14:30:49'),
(418, 1, 16, 'กดปุ่ม', 'ON', '2020-01-12 14:30:49'),
(419, 1, 16, 'กดปุ่ม', 'OFF', '2020-01-12 14:30:49'),
(420, 3, 16, 'กดปุ่ม', 'OFF', '2020-01-12 14:30:49'),
(421, 1, 16, 'กดปุ่ม', 'ON', '2020-01-12 14:30:49'),
(422, 1, 16, 'กดปุ่ม', 'OFF', '2020-01-12 14:30:49'),
(423, 2, 16, 'กดปุ่ม', 'ON', '2020-01-12 14:30:49'),
(424, 4, 16, 'กดปุ่ม', 'OFF', '2020-01-12 14:30:49'),
(425, 5, 16, 'กดปุ่ม', 'OFF', '2020-01-12 14:30:49'),
(426, 7, 16, 'กดปุ่ม', 'OFF', '2020-01-12 14:30:49'),
(427, 8, 16, 'กดปุ่ม', 'OFF', '2020-01-12 14:30:49'),
(428, 1, 17, 'กดปุ่ม', 'ON', '2020-01-12 14:30:49'),
(429, 1, 16, 'กดปุ่ม', 'OFF', '2020-01-12 14:30:49'),
(430, 7, 16, 'กดปุ่ม', 'ON', '2020-01-12 14:30:49'),
(431, 8, 16, 'กดปุ่ม', 'ON', '2020-01-12 14:30:49'),
(432, 6, 16, 'กดปุ่ม', 'OFF', '2020-01-12 14:30:49'),
(433, 1, 16, 'กดปุ่ม', 'ON', '2020-01-12 14:30:49'),
(434, 5, 16, 'กดปุ่ม', 'ON', '2020-01-12 14:30:49'),
(435, 2, 16, 'กดปุ่ม', 'OFF', '2020-01-12 14:30:49'),
(436, 2, 16, 'กดปุ่ม', 'ON', '2020-01-12 14:30:49'),
(437, 3, 16, 'กดปุ่ม', 'ON', '2020-01-12 14:30:49'),
(438, 3, 16, 'กดปุ่ม', 'OFF', '2020-01-12 14:30:49'),
(439, 3, 16, 'กดปุ่ม', 'ON', '2020-01-12 14:30:49'),
(440, 1, 16, 'กดปุ่ม', 'OFF', '2020-01-12 14:30:49'),
(441, 3, 16, 'กดปุ่ม', 'OFF', '2020-01-12 14:30:49'),
(442, 1, 16, 'กดปุ่ม', 'ON', '2020-01-12 14:30:49'),
(443, 2, 16, 'กดปุ่ม', 'OFF', '2020-01-12 14:30:49'),
(444, 1, 16, 'กดปุ่ม', 'OFF', '2020-01-12 14:30:49'),
(445, 2, 16, 'กดปุ่ม', 'ON', '2020-01-12 14:30:49'),
(446, 2, 16, 'กดปุ่ม', 'OFF', '2020-01-12 14:30:49'),
(447, 5, 16, 'กดปุ่ม', 'OFF', '2020-01-12 14:30:49'),
(448, 7, 16, 'กดปุ่ม', 'OFF', '2020-01-12 14:30:49'),
(449, 8, 16, 'กดปุ่ม', 'OFF', '2020-01-12 14:30:49'),
(450, 1, 16, 'กดปุ่ม', 'ON', '2020-01-12 14:30:49'),
(451, 1, 16, 'กดปุ่ม', 'OFF', '2020-01-12 14:30:49'),
(452, 1, 16, 'กดปุ่ม', 'ON', '2020-01-12 14:30:49'),
(453, 1, 16, 'กดปุ่ม', 'OFF', '2020-01-12 14:30:49'),
(454, 1, 16, 'กดปุ่ม', 'ON', '2020-01-12 14:30:49'),
(455, 1, 16, 'กดปุ่ม', 'OFF', '2020-01-12 14:30:49'),
(456, 2, 16, 'กดปุ่ม', 'ON', '2020-01-12 14:30:49'),
(457, 3, 16, 'กดปุ่ม', 'ON', '2020-01-12 14:30:49'),
(458, 4, 16, 'กดปุ่ม', 'ON', '2020-01-12 14:30:49'),
(459, 5, 16, 'กดปุ่ม', 'ON', '2020-01-12 14:30:49'),
(460, 6, 16, 'กดปุ่ม', 'ON', '2020-01-12 14:30:49'),
(461, 7, 16, 'กดปุ่ม', 'ON', '2020-01-12 14:30:49'),
(462, 8, 16, 'กดปุ่ม', 'ON', '2020-01-12 14:30:49'),
(463, 1, 16, 'กดปุ่ม', 'ON', '2020-01-12 14:30:49'),
(464, 1, 16, 'กดปุ่ม', 'OFF', '2020-01-12 14:30:49'),
(465, 2, 16, 'กดปุ่ม', 'OFF', '2020-01-12 14:30:49'),
(466, 3, 16, 'กดปุ่ม', 'OFF', '2020-01-12 14:30:49'),
(467, 3, 16, 'กดปุ่ม', 'ON', '2020-01-12 14:30:49'),
(468, 2, 16, 'กดปุ่ม', 'ON', '2020-01-12 14:30:49'),
(469, 1, 16, 'กดปุ่ม', 'ON', '2020-01-12 14:30:49'),
(470, 1, 16, 'กดปุ่ม', 'OFF', '2020-01-12 14:30:49'),
(471, 1, 16, 'กดปุ่ม', 'ON', '2020-01-12 14:30:49'),
(472, 1, 16, 'กดปุ่ม', 'OFF', '2020-01-12 14:30:49'),
(473, 2, 16, 'กดปุ่ม', 'OFF', '2020-01-12 14:30:49'),
(474, 3, 16, 'กดปุ่ม', 'OFF', '2020-01-12 14:30:49'),
(475, 4, 16, 'กดปุ่ม', 'OFF', '2020-01-12 14:30:49'),
(476, 5, 16, 'กดปุ่ม', 'OFF', '2020-01-12 14:30:49'),
(477, 6, 16, 'กดปุ่ม', 'OFF', '2020-01-12 14:30:49'),
(478, 7, 16, 'กดปุ่ม', 'OFF', '2020-01-12 14:30:49'),
(479, 8, 16, 'กดปุ่ม', 'OFF', '2020-01-12 14:30:49'),
(480, 8, 16, 'กดปุ่ม', 'ON', '2020-01-12 14:30:49'),
(481, 7, 16, 'กดปุ่ม', 'ON', '2020-01-12 14:30:49'),
(482, 6, 16, 'กดปุ่ม', 'ON', '2020-01-12 14:30:49'),
(483, 5, 16, 'กดปุ่ม', 'ON', '2020-01-12 14:30:49'),
(484, 4, 16, 'กดปุ่ม', 'ON', '2020-01-12 14:30:49'),
(485, 3, 16, 'กดปุ่ม', 'ON', '2020-01-12 14:30:49'),
(486, 2, 16, 'กดปุ่ม', 'ON', '2020-01-12 14:30:49'),
(487, 1, 16, 'กดปุ่ม', 'ON', '2020-01-12 14:30:49'),
(488, 1, 16, 'กดปุ่ม', 'OFF', '2020-01-12 14:30:49'),
(489, 1, 16, 'กดปุ่ม', 'ON', '2020-01-12 14:30:49'),
(490, 1, 16, 'กดปุ่ม', 'OFF', '2020-01-12 14:30:49'),
(491, 1, 16, 'กดปุ่ม', 'ON', '2020-01-12 14:30:49'),
(492, 2, 16, 'กดปุ่ม', 'OFF', '2020-01-12 14:30:49'),
(493, 2, 16, 'กดปุ่ม', 'ON', '2020-01-12 14:30:49'),
(494, 1, 16, 'กดปุ่ม', 'ON', '2020-01-12 14:30:49'),
(495, 1, 16, 'กดปุ่ม', 'OFF', '2020-01-12 14:30:49'),
(496, 1, 16, 'กดปุ่ม', 'ON', '2020-01-12 14:30:49'),
(497, 1, 16, 'กดปุ่ม', 'ON', '2020-01-12 14:30:49'),
(498, 2, 16, 'กดปุ่ม', 'OFF', '2020-01-12 14:30:49'),
(499, 2, 16, 'กดปุ่ม', 'ON', '2020-01-12 14:30:49'),
(500, 1, 16, 'กดปุ่ม', 'ON', '2020-01-12 14:30:49'),
(501, 1, 16, 'กดปุ่ม', 'OFF', '2020-01-12 14:30:49'),
(502, 2, 16, 'กดปุ่ม', 'OFF', '2020-01-12 14:30:49'),
(503, 3, 16, 'กดปุ่ม', 'OFF', '2020-01-12 14:30:49'),
(504, 2, 16, 'กดปุ่ม', 'ON', '2020-01-12 14:30:49'),
(505, 1, 16, 'กดปุ่ม', 'ON', '2020-01-12 14:30:49'),
(506, 3, 16, 'กดปุ่ม', 'ON', '2020-01-12 14:30:49'),
(507, 1, 16, 'กดปุ่ม', 'ON', '2020-01-12 14:30:49'),
(508, 2, 16, 'กดปุ่ม', 'ON', '2020-01-12 14:30:49'),
(509, 3, 16, 'กดปุ่ม', 'ON', '2020-01-12 14:30:49'),
(510, 4, 16, 'กดปุ่ม', 'ON', '2020-01-12 14:30:49'),
(511, 8, 16, 'กดปุ่ม', 'ON', '2020-01-12 14:30:49'),
(512, 1, 16, 'กดปุ่ม', 'OFF', '2020-01-12 14:30:49'),
(513, 2, 16, 'กดปุ่ม', 'OFF', '2020-01-12 14:30:49'),
(514, 3, 16, 'กดปุ่ม', 'OFF', '2020-01-12 14:30:49'),
(515, 4, 16, 'กดปุ่ม', 'OFF', '2020-01-12 14:30:49'),
(516, 5, 16, 'กดปุ่ม', 'OFF', '2020-01-12 14:30:49'),
(517, 6, 16, 'กดปุ่ม', 'OFF', '2020-01-12 14:30:49'),
(518, 7, 16, 'กดปุ่ม', 'OFF', '2020-01-12 14:30:49'),
(519, 8, 16, 'กดปุ่ม', 'OFF', '2020-01-12 14:30:49'),
(520, 1, 16, 'กดปุ่ม', 'ON', '2020-01-12 14:30:49'),
(521, 2, 16, 'กดปุ่ม', 'ON', '2020-01-12 14:30:49'),
(522, 3, 16, 'กดปุ่ม', 'ON', '2020-01-12 14:30:49'),
(523, 4, 16, 'กดปุ่ม', 'ON', '2020-01-12 14:30:49'),
(524, 5, 16, 'กดปุ่ม', 'ON', '2020-01-12 14:30:49'),
(525, 6, 16, 'กดปุ่ม', 'ON', '2020-01-12 14:30:49'),
(526, 7, 16, 'กดปุ่ม', 'ON', '2020-01-12 14:30:49'),
(527, 8, 16, 'กดปุ่ม', 'ON', '2020-01-12 14:30:49'),
(528, 1, 16, 'กดปุ่ม', 'ON', '2020-01-12 14:30:49'),
(529, 2, 16, 'กดปุ่ม', 'ON', '2020-01-12 14:30:49'),
(530, 3, 16, 'กดปุ่ม', 'ON', '2020-01-12 14:30:49'),
(531, 4, 16, 'กดปุ่ม', 'OFF', '2020-01-12 14:30:49'),
(532, 5, 16, 'กดปุ่ม', 'OFF', '2020-01-12 14:30:49'),
(533, 6, 16, 'กดปุ่ม', 'OFF', '2020-01-12 14:30:49'),
(534, 7, 16, 'กดปุ่ม', 'OFF', '2020-01-12 14:30:49'),
(535, 8, 16, 'กดปุ่ม', 'ON', '2020-01-12 14:30:49'),
(536, 2, 16, 'กดปุ่ม', 'OFF', '2020-01-12 14:30:49'),
(537, 3, 16, 'กดปุ่ม', 'OFF', '2020-01-12 14:30:49'),
(538, 4, 16, 'กดปุ่ม', 'ON', '2020-01-12 14:30:49'),
(539, 5, 16, 'กดปุ่ม', 'ON', '2020-01-12 14:30:49'),
(540, 6, 16, 'กดปุ่ม', 'ON', '2020-01-12 14:30:49'),
(541, 7, 16, 'กดปุ่ม', 'ON', '2020-01-12 14:30:49'),
(542, 8, 16, 'กดปุ่ม', 'OFF', '2020-01-12 14:30:49'),
(543, 2, 16, 'กดปุ่ม', 'ON', '2020-01-12 14:30:49'),
(544, 3, 16, 'กดปุ่ม', 'ON', '2020-01-12 14:30:49'),
(545, 4, 16, 'กดปุ่ม', 'OFF', '2020-01-12 14:30:49'),
(546, 4, 16, 'กดปุ่ม', 'ON', '2020-01-12 14:30:49'),
(547, 8, 16, 'กดปุ่ม', 'ON', '2020-01-12 14:30:49'),
(548, 2, 16, 'กดปุ่ม', 'OFF', '2020-01-12 14:30:49'),
(549, 2, 16, 'กดปุ่ม', 'ON', '2020-01-18 14:07:39'),
(550, 1, 16, 'กดปุ่ม', 'OFF', '2020-01-18 14:48:07'),
(551, 1, 16, 'กดปุ่ม', 'ON', '2020-01-18 14:48:14'),
(552, 1, 16, 'กดปุ่ม', 'OFF', '2020-01-18 14:48:50'),
(553, 1, 16, 'กดปุ่ม', 'ON', '2020-01-18 14:49:05'),
(554, 1, 16, 'กดปุ่ม', 'OFF', '2020-01-18 14:49:24'),
(555, 1, 16, 'กดปุ่ม', 'ON', '2020-01-18 14:50:05'),
(556, 1, 16, 'กดปุ่ม', 'OFF', '2020-01-18 14:52:19'),
(557, 1, 16, 'กดปุ่ม', 'OFF', '2020-01-18 14:54:17'),
(558, 1, 16, 'กดปุ่ม', 'OFF', '2020-01-18 14:55:29'),
(559, 1, 16, 'กดปุ่ม', 'ON', '2020-01-18 14:55:31'),
(560, 1, 16, 'กดปุ่ม', 'OFF', '2020-01-18 14:56:37'),
(561, 1, 16, 'กดปุ่ม', 'ON', '2020-01-18 14:57:23'),
(562, 1, 16, 'กดปุ่ม', 'OFF', '2020-01-18 14:57:28'),
(563, 1, 16, 'กดปุ่ม', 'ON', '2020-01-18 14:59:09'),
(564, 1, 16, 'กดปุ่ม', 'OFF', '2020-01-18 14:59:42'),
(565, 1, 16, 'กดปุ่ม', 'OFF', '2020-01-18 15:02:14'),
(566, 1, 16, 'กดปุ่ม', 'ON', '2020-01-18 15:02:25'),
(567, 1, 17, 'กดปุ่ม', 'OFF', '2020-01-18 15:04:47'),
(568, 1, 17, 'กดปุ่ม', 'ON', '2020-01-18 15:04:52'),
(569, 1, 17, 'กดปุ่ม', 'OFF', '2020-01-18 15:07:09'),
(570, 1, 17, 'กดปุ่ม', 'ON', '2020-01-18 15:07:52'),
(571, 1, 16, 'กดปุ่ม', 'OFF', '2020-01-18 15:17:31'),
(572, 1, 16, 'กดปุ่ม', 'ON', '2020-01-18 15:17:32'),
(573, 2, 16, 'กดปุ่ม', 'OFF', '2020-01-18 15:17:42'),
(574, 2, 16, 'กดปุ่ม', 'ON', '2020-01-18 15:17:43'),
(575, 1, 16, 'กดปุ่ม', 'OFF', '2020-01-18 15:17:48'),
(576, 1, 16, 'กดปุ่ม', 'ON', '2020-01-18 15:17:49'),
(577, 1, 16, 'กดปุ่ม', 'OFF', '2020-01-18 15:18:38'),
(578, 1, 16, 'กดปุ่ม', 'ON', '2020-01-18 15:18:40'),
(579, 1, 16, 'กดปุ่ม', 'OFF', '2020-01-18 15:19:02'),
(580, 1, 16, 'กดปุ่ม', 'ON', '2020-01-18 15:19:28'),
(581, 1, 17, 'กดปุ่ม', 'OFF', '2020-01-18 15:22:35'),
(582, 1, 17, 'กดปุ่ม', 'ON', '2020-01-18 15:22:50'),
(583, 1, 17, 'กดปุ่ม', 'OFF', '2020-01-18 15:23:22'),
(584, 1, 17, 'กดปุ่ม', 'ON', '2020-01-18 15:23:26'),
(585, 1, 16, 'กดปุ่ม', 'OFF', '2020-01-18 15:23:37'),
(586, 1, 16, 'กดปุ่ม', 'ON', '2020-01-18 15:23:38'),
(587, 1, 16, 'กดปุ่ม', 'OFF', '2020-02-01 14:11:34'),
(588, 1, 16, 'กดปุ่ม', 'ON', '2020-02-01 14:11:37'),
(589, 3, 16, 'กดปุ่ม', 'OFF', '2020-02-01 14:11:51'),
(590, 3, 16, 'กดปุ่ม', 'ON', '2020-02-01 14:11:54'),
(591, 3, 16, 'กดปุ่ม', 'OFF', '2020-02-01 14:12:18'),
(592, 1, 16, 'กดปุ่ม', 'OFF', '2020-02-01 14:12:22'),
(593, 1, 16, 'กดปุ่ม', 'ON', '2020-02-01 14:12:50'),
(594, 3, 16, 'กดปุ่ม', 'ON', '2020-02-01 14:12:54'),
(595, 2, 16, 'กดปุ่ม', 'OFF', '2020-02-01 14:13:33'),
(596, 2, 16, 'กดปุ่ม', 'ON', '2020-02-01 14:13:49'),
(597, 3, 16, 'กดปุ่ม', 'OFF', '2020-02-01 14:13:54'),
(598, 2, 16, 'กดปุ่ม', 'OFF', '2020-02-01 14:13:58'),
(599, 1, 16, 'กดปุ่ม', 'OFF', '2020-02-01 14:14:01'),
(600, 1, 16, 'กดปุ่ม', 'ON', '2020-02-01 14:14:06'),
(601, 2, 16, 'กดปุ่ม', 'ON', '2020-02-01 14:14:08'),
(602, 3, 16, 'กดปุ่ม', 'ON', '2020-02-01 14:14:10'),
(603, 1, 16, 'กดปุ่ม', 'OFF', '2020-02-01 14:15:05'),
(604, 2, 16, 'กดปุ่ม', 'OFF', '2020-02-01 14:15:12'),
(605, 3, 16, 'กดปุ่ม', 'OFF', '2020-02-01 14:15:19'),
(606, 3, 16, 'กดปุ่ม', 'ON', '2020-02-01 14:15:27'),
(607, 3, 16, 'กดปุ่ม', 'OFF', '2020-02-01 14:15:29'),
(608, 2, 16, 'กดปุ่ม', 'ON', '2020-02-01 14:15:32'),
(609, 2, 16, 'กดปุ่ม', 'OFF', '2020-02-01 14:15:34'),
(610, 1, 16, 'กดปุ่ม', 'ON', '2020-02-01 14:15:39'),
(611, 1, 16, 'กดปุ่ม', 'OFF', '2020-02-01 14:15:48'),
(612, 1, 16, 'กดปุ่ม', 'ON', '2020-02-01 14:15:57'),
(613, 2, 16, 'กดปุ่ม', 'ON', '2020-02-01 14:16:03'),
(614, 3, 16, 'กดปุ่ม', 'ON', '2020-02-01 14:16:06'),
(615, 3, 16, 'กดปุ่ม', 'OFF', '2020-02-01 14:16:08'),
(616, 2, 16, 'กดปุ่ม', 'OFF', '2020-02-01 14:16:10'),
(617, 1, 16, 'กดปุ่ม', 'OFF', '2020-02-01 14:16:12'),
(618, 1, 16, 'กดปุ่ม', 'ON', '2020-02-01 14:16:32'),
(619, 2, 16, 'กดปุ่ม', 'ON', '2020-02-01 14:16:36'),
(620, 3, 16, 'กดปุ่ม', 'ON', '2020-02-01 14:16:39'),
(621, 1, 16, 'กดปุ่ม', 'OFF', '2020-02-01 14:18:24'),
(622, 1, 16, 'กดปุ่ม', 'ON', '2020-02-01 14:18:34'),
(623, 1, 16, 'กดปุ่ม', 'OFF', '2020-02-01 14:18:46'),
(624, 1, 16, 'กดปุ่ม', 'ON', '2020-02-01 14:22:29'),
(625, 2, 16, 'กดปุ่ม', 'ON', '2020-02-01 14:22:32'),
(626, 3, 16, 'กดปุ่ม', 'ON', '2020-02-01 14:22:34'),
(627, 1, 16, 'กดปุ่ม', 'OFF', '2020-02-01 14:24:16'),
(628, 1, 16, 'กดปุ่ม', 'ON', '2020-02-01 14:25:36'),
(629, 1, 16, 'กดปุ่ม', 'OFF', '2020-02-01 14:25:59'),
(630, 3, 16, 'กดปุ่ม', 'OFF', '2020-02-01 14:26:17'),
(631, 3, 16, 'กดปุ่ม', 'ON', '2020-02-01 14:26:28'),
(632, 3, 16, 'กดปุ่ม', 'OFF', '2020-02-01 14:26:30'),
(633, 2, 16, 'กดปุ่ม', 'OFF', '2020-02-01 14:26:41'),
(634, 2, 16, 'กดปุ่ม', 'ON', '2020-02-01 14:26:44'),
(635, 1, 16, 'กดปุ่ม', 'ON', '2020-02-01 14:26:56'),
(636, 3, 16, 'กดปุ่ม', 'ON', '2020-02-01 14:27:02'),
(637, 3, 16, 'กดปุ่ม', 'OFF', '2020-02-01 14:28:17'),
(638, 3, 16, 'กดปุ่ม', 'ON', '2020-02-01 14:28:18'),
(639, 3, 16, 'กดปุ่ม', 'OFF', '2020-02-01 14:28:21'),
(640, 2, 16, 'กดปุ่ม', 'OFF', '2020-02-01 14:28:23'),
(641, 1, 16, 'กดปุ่ม', 'OFF', '2020-02-01 14:28:25'),
(642, 1, 16, 'กดปุ่ม', 'ON', '2020-02-01 14:28:37'),
(643, 2, 16, 'กดปุ่ม', 'ON', '2020-02-01 14:28:39'),
(644, 3, 16, 'กดปุ่ม', 'ON', '2020-02-01 14:28:41'),
(645, 2, 16, 'กดปุ่ม', 'OFF', '2020-02-01 14:28:58'),
(646, 2, 16, 'กดปุ่ม', 'ON', '2020-02-01 14:29:10'),
(647, 2, 16, 'กดปุ่ม', 'OFF', '2020-02-01 14:29:13'),
(648, 1, 16, 'กดปุ่ม', 'OFF', '2020-02-01 14:30:40'),
(649, 3, 16, 'กดปุ่ม', 'OFF', '2020-02-01 14:30:50'),
(650, 3, 16, 'กดปุ่ม', 'ON', '2020-02-01 14:31:00'),
(651, 2, 16, 'กดปุ่ม', 'ON', '2020-02-01 14:31:11'),
(652, 1, 16, 'กดปุ่ม', 'ON', '2020-02-01 14:31:18'),
(653, 1, 16, 'กดปุ่ม', 'OFF', '2020-02-01 14:33:14'),
(654, 2, 16, 'กดปุ่ม', 'OFF', '2020-02-01 14:33:17'),
(655, 3, 16, 'กดปุ่ม', 'OFF', '2020-02-01 14:33:20'),
(656, 1, 16, 'กดปุ่ม', 'ON', '2020-02-01 14:34:39'),
(657, 2, 16, 'กดปุ่ม', 'ON', '2020-02-01 14:34:41'),
(658, 3, 16, 'กดปุ่ม', 'ON', '2020-02-01 14:34:43'),
(659, 5, 16, 'กดปุ่ม', 'ON', '2020-02-01 14:41:00'),
(660, 6, 16, 'กดปุ่ม', 'ON', '2020-02-01 14:41:02'),
(661, 7, 16, 'กดปุ่ม', 'ON', '2020-02-01 14:41:03'),
(662, 1, 16, 'กดปุ่ม', 'OFF', '2020-02-01 14:46:38'),
(663, 1, 16, 'กดปุ่ม', 'ON', '2020-02-01 14:53:08'),
(664, 1, 16, 'กดปุ่ม', 'OFF', '2020-02-01 14:54:30'),
(665, 1, 16, 'กดปุ่ม', 'ON', '2020-02-01 14:54:36'),
(666, 1, 1, '', 'test', '2020-02-01 14:56:01'),
(667, 1, 16, 'กดปุ่ม', 'OFF', '2020-02-01 15:06:34'),
(668, 1, 16, 'กดปุ่ม', 'ON', '2020-02-01 15:07:38'),
(669, 1, 16, 'กดปุ่ม', 'ON', '2020-02-01 15:09:19'),
(670, 3, 16, 'กดปุ่ม', 'OFF', '2020-02-01 15:16:54'),
(671, 3, 16, 'กดปุ่ม', 'ON', '2020-02-08 09:02:51'),
(672, 3, 16, 'กดปุ่ม', 'OFF', '2020-02-08 09:02:52'),
(673, 4, 16, 'กดปุ่ม', 'OFF', '2020-02-08 09:02:53'),
(674, 8, 16, 'กดปุ่ม', 'OFF', '2020-02-08 09:02:58'),
(675, 7, 16, 'กดปุ่ม', 'OFF', '2020-02-08 09:03:06'),
(676, 6, 16, 'กดปุ่ม', 'OFF', '2020-02-08 09:03:07'),
(677, 5, 16, 'กดปุ่ม', 'OFF', '2020-02-08 09:03:09'),
(678, 1, 16, 'กดปุ่ม', 'OFF', '2020-02-08 09:03:11'),
(679, 2, 16, 'กดปุ่ม', 'OFF', '2020-02-08 09:03:12'),
(680, 5, 16, 'กดปุ่ม', 'ON', '2020-02-08 09:03:17'),
(681, 5, 16, 'กดปุ่ม', 'OFF', '2020-02-08 09:03:19'),
(682, 1, 16, 'กดปุ่ม', 'ON', '2020-02-08 09:03:21'),
(683, 2, 16, 'กดปุ่ม', 'ON', '2020-02-08 09:03:23'),
(684, 3, 16, 'กดปุ่ม', 'ON', '2020-02-08 09:03:25'),
(685, 4, 16, 'กดปุ่ม', 'ON', '2020-02-08 09:03:28'),
(686, 5, 16, 'กดปุ่ม', 'ON', '2020-02-08 09:03:31'),
(687, 6, 16, 'กดปุ่ม', 'ON', '2020-02-08 09:03:33'),
(688, 7, 16, 'กดปุ่ม', 'ON', '2020-02-08 09:03:34'),
(689, 8, 16, 'กดปุ่ม', 'ON', '2020-02-08 09:03:36'),
(690, 1, 16, 'กดปุ่ม', 'OFF', '2020-02-08 09:06:22'),
(691, 2, 16, 'กดปุ่ม', 'OFF', '2020-02-08 09:06:30'),
(692, 3, 16, 'กดปุ่ม', 'OFF', '2020-02-08 09:06:32'),
(693, 4, 16, 'กดปุ่ม', 'OFF', '2020-02-08 09:06:36'),
(694, 5, 16, 'กดปุ่ม', 'OFF', '2020-02-08 09:06:39'),
(695, 6, 16, 'กดปุ่ม', 'OFF', '2020-02-08 09:06:42'),
(696, 7, 16, 'กดปุ่ม', 'OFF', '2020-02-08 09:06:44'),
(697, 8, 16, 'กดปุ่ม', 'OFF', '2020-02-08 09:06:48'),
(698, 8, 16, 'กดปุ่ม', 'ON', '2020-02-08 09:07:17'),
(699, 4, 16, 'กดปุ่ม', 'ON', '2020-02-08 09:07:19'),
(700, 3, 16, 'กดปุ่ม', 'ON', '2020-02-08 09:07:22'),
(701, 7, 16, 'กดปุ่ม', 'ON', '2020-02-08 09:07:24'),
(702, 7, 16, 'กดปุ่ม', 'OFF', '2020-02-08 09:07:25'),
(703, 2, 16, 'กดปุ่ม', 'ON', '2020-02-08 09:07:27'),
(704, 1, 16, 'กดปุ่ม', 'ON', '2020-02-08 09:07:29'),
(705, 5, 16, 'กดปุ่ม', 'ON', '2020-02-08 09:07:30'),
(706, 6, 16, 'กดปุ่ม', 'ON', '2020-02-08 09:07:31'),
(707, 6, 16, 'กดปุ่ม', 'OFF', '2020-02-08 09:07:34'),
(708, 4, 16, 'กดปุ่ม', 'OFF', '2020-02-08 09:07:35'),
(709, 8, 16, 'กดปุ่ม', 'OFF', '2020-02-08 09:07:36'),
(710, 3, 16, 'กดปุ่ม', 'OFF', '2020-02-08 09:07:38'),
(711, 3, 16, 'กดปุ่ม', 'ON', '2020-02-08 09:08:04'),
(712, 4, 16, 'กดปุ่ม', 'ON', '2020-02-08 09:08:06'),
(713, 8, 16, 'กดปุ่ม', 'ON', '2020-02-08 09:08:07'),
(714, 6, 16, 'กดปุ่ม', 'ON', '2020-02-08 09:08:08'),
(715, 7, 16, 'กดปุ่ม', 'ON', '2020-02-08 09:08:10'),
(716, 7, 16, 'กดปุ่ม', 'OFF', '2020-02-08 09:08:11'),
(717, 7, 16, 'กดปุ่ม', 'ON', '2020-02-08 09:32:24'),
(718, 1, 16, 'กดปุ่ม', 'OFF', '2020-02-08 16:19:32'),
(719, 4, 16, 'กดปุ่ม', 'OFF', '2020-02-08 16:19:44'),
(720, 2, 16, 'กดปุ่ม', 'OFF', '2020-02-08 16:49:38'),
(721, 3, 16, 'กดปุ่ม', 'OFF', '2020-02-08 16:49:38'),
(722, 5, 16, 'กดปุ่ม', 'OFF', '2020-02-08 16:49:39'),
(723, 6, 16, 'กดปุ่ม', 'OFF', '2020-02-08 16:49:40'),
(724, 7, 16, 'กดปุ่ม', 'OFF', '2020-02-08 16:49:40'),
(725, 8, 16, 'กดปุ่ม', 'OFF', '2020-02-08 16:49:41'),
(726, 8, 16, 'กดปุ่ม', 'ON', '2020-02-08 16:49:42'),
(727, 4, 16, 'กดปุ่ม', 'ON', '2020-02-08 16:49:43'),
(728, 3, 16, 'กดปุ่ม', 'ON', '2020-02-08 16:49:43'),
(729, 7, 16, 'กดปุ่ม', 'ON', '2020-02-08 16:49:44'),
(730, 6, 16, 'กดปุ่ม', 'ON', '2020-02-08 16:49:45'),
(731, 2, 16, 'กดปุ่ม', 'ON', '2020-02-08 16:49:45'),
(732, 1, 16, 'กดปุ่ม', 'ON', '2020-02-08 16:49:46'),
(733, 5, 16, 'กดปุ่ม', 'ON', '2020-02-08 16:49:46'),
(734, 4, 16, 'กดปุ่ม', 'OFF', '2020-02-08 16:49:51'),
(735, 8, 16, 'กดปุ่ม', 'OFF', '2020-02-08 16:49:51'),
(736, 7, 16, 'กดปุ่ม', 'OFF', '2020-02-08 16:49:52'),
(737, 3, 16, 'กดปุ่ม', 'OFF', '2020-02-08 16:49:53'),
(738, 2, 16, 'กดปุ่ม', 'OFF', '2020-02-08 16:49:54'),
(739, 6, 16, 'กดปุ่ม', 'OFF', '2020-02-08 16:49:54'),
(740, 5, 16, 'กดปุ่ม', 'OFF', '2020-02-08 16:49:55'),
(741, 1, 16, 'กดปุ่ม', 'OFF', '2020-02-08 16:49:55'),
(742, 1, 16, 'กดปุ่ม', 'ON', '2020-02-08 16:50:18'),
(743, 1, 16, 'กดปุ่ม', 'OFF', '2020-02-08 16:51:02'),
(744, 1, 16, 'กดปุ่ม', 'ON', '2020-02-08 16:51:51'),
(745, 4, 16, 'กดปุ่ม', 'ON', '2020-02-08 16:51:52'),
(746, 8, 16, 'กดปุ่ม', 'ON', '2020-02-08 16:51:53'),
(747, 3, 16, 'กดปุ่ม', 'ON', '2020-02-08 16:51:54'),
(748, 6, 16, 'กดปุ่ม', 'ON', '2020-02-08 16:51:54'),
(749, 7, 16, 'กดปุ่ม', 'ON', '2020-02-08 16:51:55'),
(750, 2, 16, 'กดปุ่ม', 'ON', '2020-02-08 16:51:56'),
(751, 5, 16, 'กดปุ่ม', 'ON', '2020-02-08 16:51:57'),
(752, 1, 16, 'กดปุ่ม', 'OFF', '2020-02-08 16:51:58'),
(753, 2, 16, 'กดปุ่ม', 'OFF', '2020-02-08 16:51:59'),
(754, 3, 16, 'กดปุ่ม', 'OFF', '2020-02-08 16:51:59'),
(755, 4, 16, 'กดปุ่ม', 'OFF', '2020-02-08 16:52:00'),
(756, 8, 16, 'กดปุ่ม', 'OFF', '2020-02-08 16:52:01'),
(757, 7, 16, 'กดปุ่ม', 'OFF', '2020-02-08 16:52:01'),
(758, 6, 16, 'กดปุ่ม', 'OFF', '2020-02-08 16:52:01'),
(759, 5, 16, 'กดปุ่ม', 'OFF', '2020-02-08 16:52:02'),
(760, 2, 16, 'กดปุ่ม', 'ON', '2020-02-08 16:53:02'),
(761, 3, 16, 'กดปุ่ม', 'ON', '2020-02-08 16:53:07'),
(762, 2, 16, 'กดปุ่ม', 'OFF', '2020-02-08 16:53:09'),
(763, 3, 16, 'กดปุ่ม', 'OFF', '2020-02-08 16:53:13'),
(764, 3, 16, 'กดปุ่ม', 'ON', '2020-02-08 16:53:28'),
(765, 3, 16, 'กดปุ่ม', 'OFF', '2020-02-08 16:53:38'),
(766, 1, 16, 'กดปุ่ม', 'ON', '2020-02-08 17:01:06'),
(767, 1, 16, 'กดปุ่ม', 'OFF', '2020-02-08 17:01:10'),
(768, 1, 16, 'กดปุ่ม', 'ON', '2020-02-08 17:01:12'),
(769, 1, 16, 'กดปุ่ม', 'OFF', '2020-02-08 17:02:02'),
(770, 3, 16, 'กดปุ่ม', 'ON', '2020-02-08 17:02:21'),
(771, 3, 16, 'กดปุ่ม', 'OFF', '2020-02-08 17:02:48'),
(772, 1, 16, 'กดปุ่ม', 'ON', '2020-02-14 13:08:17'),
(773, 1, 16, 'กดปุ่ม', 'OFF', '2020-02-14 13:08:24'),
(774, 2, 16, 'กดปุ่ม', 'ON', '2020-02-14 13:08:26'),
(775, 2, 16, 'กดปุ่ม', 'OFF', '2020-02-14 13:08:27'),
(776, 3, 16, 'กดปุ่ม', 'ON', '2020-02-14 13:08:30'),
(777, 3, 16, 'กดปุ่ม', 'OFF', '2020-02-14 13:08:34'),
(778, 8, 16, 'กดปุ่ม', 'ON', '2020-02-14 13:08:39'),
(779, 7, 16, 'กดปุ่ม', 'ON', '2020-02-14 13:08:41'),
(780, 6, 16, 'กดปุ่ม', 'ON', '2020-02-14 13:08:43'),
(781, 5, 16, 'กดปุ่ม', 'ON', '2020-02-14 13:08:45'),
(782, 4, 16, 'กดปุ่ม', 'ON', '2020-02-14 13:08:46'),
(783, 3, 16, 'กดปุ่ม', 'ON', '2020-02-14 13:09:01'),
(784, 2, 16, 'กดปุ่ม', 'ON', '2020-02-14 13:09:02'),
(785, 1, 16, 'กดปุ่ม', 'ON', '2020-02-14 13:09:06'),
(786, 1, 16, 'กดปุ่ม', 'OFF', '2020-02-14 13:10:13'),
(787, 1, 16, 'กดปุ่ม', 'ON', '2020-02-14 13:10:20'),
(788, 8, 16, 'กดปุ่ม', 'OFF', '2020-02-14 13:10:35'),
(789, 7, 16, 'กดปุ่ม', 'OFF', '2020-02-14 13:10:36'),
(791, 1, 16, 'กดปุ่ม', 'ON', '2020-03-27 04:21:11'),
(792, 1, 16, 'กดปุ่ม', 'OFF', '2020-03-27 04:21:11'),
(793, 1, 16, 'กดปุ่ม', 'ON', '2020-04-20 15:57:18'),
(794, 1, 16, 'กดปุ่ม', 'OFF', '2020-04-20 15:58:21'),
(795, 2, 16, 'กดปุ่ม', 'OFF', '2020-04-20 15:58:23'),
(796, 3, 16, 'กดปุ่ม', 'OFF', '2020-04-20 15:58:25'),
(797, 4, 16, 'กดปุ่ม', 'OFF', '2020-04-20 15:58:26'),
(798, 5, 16, 'กดปุ่ม', 'OFF', '2020-04-20 15:58:27'),
(799, 6, 16, 'กดปุ่ม', 'OFF', '2020-04-20 15:58:29'),
(800, 1, 16, 'กดปุ่ม', 'ON', '2020-04-20 15:58:41'),
(801, 2, 16, 'กดปุ่ม', 'ON', '2020-04-20 15:58:43');

-- --------------------------------------------------------

--
-- Table structure for table `item`
--

CREATE TABLE `item` (
  `itemid` int(2) NOT NULL,
  `channelid` int(2) NOT NULL,
  `itemname` varchar(100) NOT NULL DEFAULT 'None'
) ENGINE=InnoDB DEFAULT CHARSET=utf8;

--
-- Dumping data for table `item`
--

INSERT INTO `item` (`itemid`, `channelid`, `itemname`) VALUES
(1, 1, 'ที่ช็าตมือถือ'),
(2, 2, 'หลอดไฟ'),
(3, 3, 'หลอดไฟ'),
(4, 4, 'พัดลม'),
(17, 1, 'หลอดไฟ');

-- --------------------------------------------------------

--
-- Table structure for table `nodemcu`
--

CREATE TABLE `nodemcu` (
  `id` int(2) NOT NULL,
  `alive` varchar(10) NOT NULL,
  `statusNode` varchar(100) NOT NULL,
  `node_datetime` datetime NOT NULL
) ENGINE=InnoDB DEFAULT CHARSET=utf8;

--
-- Dumping data for table `nodemcu`
--

INSERT INTO `nodemcu` (`id`, `alive`, `statusNode`, `node_datetime`) VALUES
(1, '0', 'NodeMCU Disconnected', '2020-04-20 22:59:09');

-- --------------------------------------------------------

--
-- Table structure for table `notify`
--

CREATE TABLE `notify` (
  `notifyid` int(2) NOT NULL,
  `linetoken` varchar(100) NOT NULL,
  `notifystate` int(1) NOT NULL,
  `notifytime` int(20) NOT NULL,
  `notifytimestamp` datetime NOT NULL
) ENGINE=InnoDB DEFAULT CHARSET=utf8;

--
-- Dumping data for table `notify`
--

INSERT INTO `notify` (`notifyid`, `linetoken`, `notifystate`, `notifytime`, `notifytimestamp`) VALUES
(1, 'bepf2klVOBm3vINJikG9QU2qgbiOQAPgkQHDZ2cRSyt', 0, 3600000, '2020-01-09 16:36:08');

-- --------------------------------------------------------

--
-- Table structure for table `settime`
--

CREATE TABLE `settime` (
  `timeid` int(10) NOT NULL,
  `channelid` int(2) NOT NULL,
  `timesetOn` varchar(6) NOT NULL,
  `stateOn` varchar(1) NOT NULL,
  `timesetOff` varchar(6) NOT NULL,
  `stateOff` varchar(1) NOT NULL
) ENGINE=InnoDB DEFAULT CHARSET=utf8;

--
-- Dumping data for table `settime`
--

INSERT INTO `settime` (`timeid`, `channelid`, `timesetOn`, `stateOn`, `timesetOff`, `stateOff`) VALUES
(1, 1, '21:20', '1', '20:12', '1'),
(2, 2, '16:18', '1', '21:21', '1'),
(3, 3, '23:58', '1', '21:21', '1'),
(4, 4, '15:31', '1', '14:43', '1'),
(5, 5, '17:21', '1', '21:39', '1'),
(6, 6, '20:58', '1', '21:39', '1'),
(7, 7, '15:31', '1', '21:39', '1'),
(8, 8, '20:58', '1', '16:24', '1');

-- --------------------------------------------------------

--
-- Table structure for table `users`
--

CREATE TABLE `users` (
  `userid` int(2) NOT NULL,
  `username` varchar(50) NOT NULL,
  `password` varchar(50) NOT NULL,
  `fname` varchar(50) NOT NULL,
  `lname` varchar(50) NOT NULL,
  `email` varchar(50) NOT NULL,
  `picture` varchar(100) NOT NULL,
  `date` timestamp NULL DEFAULT CURRENT_TIMESTAMP,
  `status` varchar(1) NOT NULL DEFAULT 'Y'
) ENGINE=InnoDB DEFAULT CHARSET=utf8;

--
-- Dumping data for table `users`
--

INSERT INTO `users` (`userid`, `username`, `password`, `fname`, `lname`, `email`, `picture`, `date`, `status`) VALUES
(1, 'admin', 'admin', 'admin', '', 'utopia@hotmail.com', '12.jpg', '2020-01-12 14:30:49', 'R'),
(16, 'user1', '111', 'fasfasf', 'asfasfs', 'utopia@hotmail.com', '65749977_2537902299770284_7173470359352508416_n.jpg', '2020-01-12 14:30:49', ''),
(17, 'user2', '123', 'www', 'www', 'www@hotmail.com', '', '2020-01-12 14:30:49', 'U');

--
-- Indexes for dumped tables
--

--
-- Indexes for table `channel`
--
ALTER TABLE `channel`
  ADD PRIMARY KEY (`channelid`);

--
-- Indexes for table `control`
--
ALTER TABLE `control`
  ADD PRIMARY KEY (`controlid`),
  ADD KEY `fk_control_userid` (`userid`),
  ADD KEY `fk_control_channelid` (`channelid`);

--
-- Indexes for table `item`
--
ALTER TABLE `item`
  ADD PRIMARY KEY (`itemid`),
  ADD KEY `fk_item_channelid` (`channelid`);

--
-- Indexes for table `nodemcu`
--
ALTER TABLE `nodemcu`
  ADD PRIMARY KEY (`id`);

--
-- Indexes for table `notify`
--
ALTER TABLE `notify`
  ADD PRIMARY KEY (`notifyid`);

--
-- Indexes for table `settime`
--
ALTER TABLE `settime`
  ADD PRIMARY KEY (`timeid`),
  ADD KEY `fk_settime_channel` (`channelid`);

--
-- Indexes for table `users`
--
ALTER TABLE `users`
  ADD PRIMARY KEY (`userid`);

--
-- AUTO_INCREMENT for dumped tables
--

--
-- AUTO_INCREMENT for table `control`
--
ALTER TABLE `control`
  MODIFY `controlid` int(3) NOT NULL AUTO_INCREMENT, AUTO_INCREMENT=802;

--
-- AUTO_INCREMENT for table `item`
--
ALTER TABLE `item`
  MODIFY `itemid` int(2) NOT NULL AUTO_INCREMENT, AUTO_INCREMENT=19;

--
-- AUTO_INCREMENT for table `nodemcu`
--
ALTER TABLE `nodemcu`
  MODIFY `id` int(2) NOT NULL AUTO_INCREMENT, AUTO_INCREMENT=2;

--
-- AUTO_INCREMENT for table `notify`
--
ALTER TABLE `notify`
  MODIFY `notifyid` int(2) NOT NULL AUTO_INCREMENT, AUTO_INCREMENT=2;

--
-- AUTO_INCREMENT for table `settime`
--
ALTER TABLE `settime`
  MODIFY `timeid` int(10) NOT NULL AUTO_INCREMENT, AUTO_INCREMENT=9;

--
-- AUTO_INCREMENT for table `users`
--
ALTER TABLE `users`
  MODIFY `userid` int(2) NOT NULL AUTO_INCREMENT, AUTO_INCREMENT=18;

--
-- Constraints for dumped tables
--

--
-- Constraints for table `control`
--
ALTER TABLE `control`
  ADD CONSTRAINT `fk_control_channelid` FOREIGN KEY (`channelid`) REFERENCES `channel` (`channelid`) ON UPDATE CASCADE,
  ADD CONSTRAINT `fk_control_userid` FOREIGN KEY (`userid`) REFERENCES `users` (`userid`) ON UPDATE CASCADE;

--
-- Constraints for table `item`
--
ALTER TABLE `item`
  ADD CONSTRAINT `fk_item_channelid` FOREIGN KEY (`channelid`) REFERENCES `channel` (`channelid`) ON UPDATE CASCADE;

--
-- Constraints for table `settime`
--
ALTER TABLE `settime`
  ADD CONSTRAINT `fk_settime_channel` FOREIGN KEY (`channelid`) REFERENCES `channel` (`channelid`) ON UPDATE CASCADE;
COMMIT;

/*!40101 SET CHARACTER_SET_CLIENT=@OLD_CHARACTER_SET_CLIENT */;
/*!40101 SET CHARACTER_SET_RESULTS=@OLD_CHARACTER_SET_RESULTS */;
/*!40101 SET COLLATION_CONNECTION=@OLD_COLLATION_CONNECTION */;
